Old-Name,New-Name,Status
admin_banners,admin_banners_governance,RENAMED
admin_cash,admin_cash_governance,RENAMED
admin_categories,admin_categories_governance,RENAMED
admin_chat,admin_chat_governance,RENAMED
admin_commission,admin_commission_governance,RENAMED
admin_core,admin_core_management,RENAMED
admin_email,admin_email_governance,RENAMED
admin_fallback,admin_fallback_management,RENAMED
admin_logistics,admin_logistics_governance,RENAMED
admin_orders,admin_orders_governance,RENAMED
admin_payouts,admin_payouts_governance,RENAMED
admin_products,admin_products_governance,RENAMED
admin_promotions,admin_promotions_governance,RENAMED
admin_settings,admin_settings_governance,RENAMED
admin_suppliers,admin_suppliers_governance,RENAMED
admin_treasury,admin_treasury_governance,RENAMED
admin_users,admin_users_governance,RENAMED
admin_video,admin_video_governance,RENAMED
coupons,customer_coupons,RENAMED
customer_health,customer_health,UNCHANGED
reviews,customer_reviews,RENAMED
wishlist,customer_wishlist,RENAMED
logistics_health,logistics_health,UNCHANGED
logistics_locations,logistics_locations,UNCHANGED
logistics_orders,logistics_orders,UNCHANGED
logistics_orders_v2,logistics_orders_v2,UNCHANGED
logistics_partner,logistics_partner,UNCHANGED
accounting,public_accounting_access,RENAMED
addresses,public_addresses_access,RENAMED
ai,public_ai_access,RENAMED
ai_image,public_ai_image_access,RENAMED
ai_research,public_ai_research_access,RENAMED
ai_upload,public_ai_upload_access,RENAMED
audit,public_audit_access,RENAMED
auth,public_auth_access,RENAMED
automation,public_automation_access,RENAMED
badge_billing,public_badge_billing_access,RENAMED
banners,public_banners_access,RENAMED
batch_upload,public_batch_upload_access,RENAMED
cart,public_cart_access,RENAMED
cash_management,public_cash_management_access,RENAMED
categories,public_categories_access,RENAMED
chat,public_chat_access,RENAMED
chat_api,public_chat_api_access,RENAMED
chat_enrichment,public_chat_enrichment_access,RENAMED
chatbot,public_chatbot_access,RENAMED
comm,public_comm_access,RENAMED
command_center_api,public_command_center_api_management,RENAMED
command_center,public_command_center_management,RENAMED
commission,public_commission_access,RENAMED
comms_unified,public_comms_unified_access,RENAMED
compliance,public_compliance_access,RENAMED
contact,public_contact_management,RENAMED
countries,public_countries_access,RENAMED
country_admin,public_country_admin_access,RENAMED
country_auto_populate,public_country_auto_populate_access,RENAMED
country_dropdown,public_country_dropdown_access,RENAMED
country_maps,public_country_maps_access,RENAMED
country_payouts,public_country_payouts_access,RENAMED
country_research,public_country_research_access,RENAMED
country_staff,public_country_staff_access,RENAMED
country_versioning,public_country_versioning_access,RENAMED
cross_border,public_cross_border_access,RENAMED
csp_reporting,public_csp_reporting_access,RENAMED
currency,public_currency_access,RENAMED
ediscovery,public_ediscovery_management,RENAMED
effective_permissions,public_effective_permissions_access,RENAMED
email,public_email_access,RENAMED
email_controller,public_email_controller_access,RENAMED
email_enrichment,public_email_enrichment_access,RENAMED
employees,public_employees_access,RENAMED
entity_chat,public_entity_chat_access,RENAMED
entity_communication,public_entity_communication_access,RENAMED
escalation,public_escalation_management,RENAMED
ess,public_ess_management,RENAMED
expenses,public_expenses_management,RENAMED
export,public_export_access,RENAMED
finance,public_finance_access,RENAMED
finance_automation,public_finance_automation_access,RENAMED
finance_erp,public_finance_erp_access,RENAMED
flash_sales,public_flash_sales_management,RENAMED
fraud_detection,public_fraud_detection_access,RENAMED
frontend_errors,public_frontend_errors_management,RENAMED
geo,public_geo_access,RENAMED
health,public_health_management,RENAMED
hierarchy,public_hierarchy_management,RENAMED
hr,public_hr_access,RENAMED
hr_dashboard,public_hr_dashboard_access,RENAMED
iam,public_iam_access,RENAMED
imports,public_imports_management,RENAMED
incident,public_incident_access,RENAMED
internal_channels,public_internal_channels_management,RENAMED
invoices,public_invoices_access,RENAMED
jobs,public_jobs_management,RENAMED
lms,public_lms_access,RENAMED
location_api,public_location_api_management,RENAMED
logistics,public_logistics_access,RENAMED
messaging,public_messaging_management,RENAMED
notifications,public_notifications_access,RENAMED
okr,public_okr_management,RENAMED
onboarding,public_onboarding_access,RENAMED
orders,public_orders_access,RENAMED
parcel_tracking,public_parcel_tracking_access,RENAMED
payments,public_payments_management,RENAMED
payout_approval,public_payout_approval_access,RENAMED
payroll,public_payroll_access,RENAMED
performance,public_performance_access,RENAMED
permission_primitives,public_permission_primitives_access,RENAMED
permissions,public_permissions_access,RENAMED
product_moderation,public_product_moderation_access,RENAMED
product_verification,public_product_verification_access,RENAMED
product_videos,public_product_videos_access,RENAMED
products,public_products_access,RENAMED
proxy_communication,public_proxy_communication_access,RENAMED
push_notifications,public_push_notifications_access,RENAMED
referrals,public_referrals_management,RENAMED
returns,public_returns_access,RENAMED
risk,public_risk_access,RENAMED
search,public_search_access,RENAMED
shift_handover,public_shift_handover_access,RENAMED
shipments,public_shipments_access,RENAMED
shop_locations,public_shop_locations_management,RENAMED
succession,public_succession_access,RENAMED
suppliers,public_suppliers_access,RENAMED
tickets,public_tickets_management,RENAMED
trading,public_trading_management,RENAMED
translate,public_translate_management,RENAMED
travel,public_travel_access,RENAMED
treasury,public_treasury_access,RENAMED
treasury_api,public_treasury_api_access,RENAMED
upload,public_upload_access,RENAMED
upload_jobs,public_upload_jobs_access,RENAMED
users,public_users_access,RENAMED
video,public_video_access,RENAMED
video_controller,public_video_controller_access,RENAMED
workflows,public_workflows_management,RENAMED
ws_chat,public_ws_chat_access,RENAMED
supplier_analytics,supplier_analytics,UNCHANGED
supplier_bg_ab_test,supplier_bg_ab_test_fulfillment,RENAMED
supplier_core,supplier_core_fulfillment,RENAMED
supplier_documents,supplier_documents,UNCHANGED
supplier_finance,supplier_finance,UNCHANGED
supplier_health,supplier_health,UNCHANGED
supplier_orders,supplier_orders,UNCHANGED
supplier_payouts,supplier_payouts,UNCHANGED
supplier_products,supplier_products,UNCHANGED
supplier_profile,supplier_profile,UNCHANGED
